recall,precision,threshold
1.0,0.5,0.10630738735198975
0.9988066825775657,0.49970149253731344,0.11393706500530243
0.9976133651551312,0.4994026284348865,0.12095260620117188
0.9964200477326969,0.49910340705319783,0.1277497410774231
0.9964200477326969,0.49940191387559807,0.14640411734580994
0.9964200477326969,0.49970077797725915,0.1606605052947998
0.9964200477326969,0.5002995805871779,0.17449572682380676
0.9952267303102625,0.5,0.17504218220710754
0.9940334128878282,0.4997000599880024,0.18402789533138275
0.9940334128878282,0.5,0.1876833587884903
0.9928400954653938,0.4996996996996997,0.19227668642997742
0.9916467780429594,0.49939903846153844,0.19240207970142365
0.9916467780429594,0.49969933854479853,0.19711342453956604
0.9916467780429594,0.5,0.20183035731315613
0.9916467780429594,0.5003010234798314,0.2023167610168457
0.9916467780429594,0.5006024096385542,0.20381632447242737
0.9916467780429594,0.5009041591320073,0.20523372292518616
0.9904534606205251,0.5006031363088058,0.2091681808233261
0.9904534606205251,0.5009052504526252,0.21096646785736084
0.9904534606205251,0.501207729468599,0.2113390415906906
0.9892601431980907,0.5009063444108761,0.21307994425296783
0.9892601431980907,0.5012091898428053,0.21439284086227417
0.9892601431980907,0.5015124016938899,0.2161186933517456
0.9880668257756563,0.5012106537530266,0.21868404746055603
0.9880668257756563,0.5015142337976983,0.2187877595424652
0.9880668257756563,0.5018181818181818,0.21903839707374573
0.9880668257756563,0.5021224984839296,0.22229988873004913
0.9880668257756563,0.5024271844660194,0.22389639914035797
0.9880668257756563,0.5027322404371585,0.22481726109981537
0.9880668257756563,0.503037667071689,0.22529391944408417
0.986873508353222,0.5027355623100304,0.22533075511455536
0.986873508353222,0.5045759609517999,0.22575806081295013
0.986873508353222,0.5048840048840049,0.2261909693479538
0.986873508353222,0.5051924251679902,0.22709527611732483
0.986873508353222,0.5055012224938875,0.22758539021015167
0.9856801909307876,0.5051987767584097,0.22970348596572876
0.9856801909307876,0.5055079559363526,0.23059603571891785
0.9856801909307876,0.5061274509803921,0.23100018501281738
0.9856801909307876,0.5064377682403434,0.23113173246383667
0.9856801909307876,0.5070595457335789,0.23156748712062836
0.9844868735083532,0.5067567567567568,0.23178036510944366
0.9844868735083532,0.5070682237246465,0.23190270364284515
0.9844868735083532,0.507380073800738,0.23220303654670715
0.9832935560859188,0.5070769230769231,0.23225408792495728
0.9832935560859188,0.5073891625615764,0.23240385949611664
0.9821002386634845,0.5070856438693777,0.23292455077171326
0.9821002386634845,0.5073982737361282,0.23369278013706207
0.9809069212410502,0.5070943861813695,0.23377352952957153
0.9797136038186157,0.5067901234567901,0.23388473689556122
0.9785202863961814,0.506485484867202,0.23444640636444092
0.9785202863961814,0.5067985166872683,0.23445744812488556
0.9785202863961814,0.5071119356833642,0.2346358448266983
0.9785202863961814,0.5074257425742574,0.23498423397541046
0.9785202863961814,0.5077399380804953,0.23500192165374756
0.9785202863961814,0.5080545229244114,0.23506711423397064
0.977326968973747,0.5077495350278983,0.23511552810668945
0.977326968973747,0.5083798882681564,0.2352185845375061
0.9761336515513126,0.5080745341614907,0.23522813618183136
0.9749403341288783,0.5077688004972032,0.23522816598415375
0.9749403341288783,0.5084007467330429,0.23525665700435638
0.9749403341288783,0.5087173100871731,0.23526479303836823
0.9749403341288783,0.5096693699313787,0.23527701199054718
0.9749403341288783,0.5099875156054932,0.23534108698368073
0.9749403341288783,0.5103060587133041,0.23536156117916107
0.9749403341288783,0.510625,0.23539188504219055
0.9749403341288783,0.5109443402126329,0.2354084849357605
0.9737470167064439,0.5106382978723404,0.23541714251041412
0.9737470167064439,0.5112781954887218,0.2354220598936081
0.9725536992840096,0.5109717868338558,0.23542894423007965
0.9725536992840096,0.5116133082234777,0.23543882369995117
0.9725536992840096,0.5119346733668342,0.23545266687870026
0.9725536992840096,0.5122564424890006,0.23545405268669128
0.9689737470167065,0.5135989879822896,0.23545604944229126
0.9689737470167065,0.514575411913815,0.23545798659324646
0.9689737470167065,0.5149017121116043,0.2354622632265091
0.9689737470167065,0.5155555555555555,0.23546378314495087
0.9677804295942721,0.5152477763659467,0.23546409606933594
0.9677804295942721,0.5155753337571519,0.23546570539474487
0.9677804295942721,0.5162316995544239,0.23546597361564636
0.9677804295942721,0.5168897386870618,0.23546628654003143
0.9677804295942721,0.517219387755102,0.235468327999115
0.9677804295942721,0.5175494575622208,0.2354690432548523
0.9665871121718377,0.5172413793103449,0.23548007011413574
0.9665871121718377,0.5179028132992327,0.23548418283462524
0.9665871121718377,0.5182341650671785,0.23548513650894165
0.9665871121718377,0.5185659411011524,0.23548756539821625
0.9665871121718377,0.5188981422165279,0.23549005389213562
0.9665871121718377,0.5192307692307693,0.23550455272197723
0.9665871121718377,0.5195638229634381,0.23550833761692047
0.9653937947494033,0.5192554557124519,0.2355135977268219
0.9653937947494033,0.5195889531149647,0.23551753163337708
0.964200477326969,0.519280205655527,0.23552681505680084
0.964200477326969,0.5196141479099678,0.23552721738815308
0.964200477326969,0.5202833226014166,0.23553480207920074
0.964200477326969,0.520618556701031,0.2355395406484604
0.964200477326969,0.5209542230818827,0.23554161190986633
0.964200477326969,0.5212903225806451,0.23554332554340363
0.964200477326969,0.5219638242894057,0.23556815087795258
0.9630071599045346,0.5216548157724629,0.23556843400001526
0.9618138424821002,0.5213454075032341,0.23558852076530457
0.9618138424821002,0.5216828478964401,0.2356015145778656
0.9606205250596659,0.5213730569948186,0.2356165051460266
0.9606205250596659,0.5217109526895658,0.2356180101633072
0.9606205250596659,0.5223880597014925,0.23565883934497833
0.9606205250596659,0.5227272727272727,0.23566092550754547
0.9606205250596659,0.5230669265756985,0.2356913536787033
0.9606205250596659,0.523407022106632,0.2356962114572525
0.9606205250596659,0.523747560182173,0.23572298884391785
0.9594272076372315,0.5234375,0.23572950065135956
0.9594272076372315,0.5237785016286645,0.2357661873102188
0.9582338902147971,0.5234680573663625,0.23576878011226654
0.9582338902147971,0.5238095238095238,0.23584097623825073
0.9570405727923628,0.5234986945169713,0.23587799072265625
0.9558472553699284,0.5231874591770085,0.23589421808719635
0.9558472553699284,0.5235294117647059,0.2359323799610138
0.9558472553699284,0.5238718116415958,0.23595520853996277
0.954653937947494,0.5235602094240838,0.23600108921527863
0.954653937947494,0.5249343832020997,0.23604652285575867
0.9534606205250596,0.5246224556795798,0.23604856431484222
0.9534606205250596,0.5249671484888305,0.23616348206996918
0.9534606205250596,0.5253122945430638,0.2362496554851532
0.9534606205250596,0.5260039499670837,0.2362629920244217
0.9534606205250596,0.5263504611330698,0.23626472055912018
0.9522673031026253,0.5260382333553065,0.23630589246749878
0.9522673031026253,0.5267326732673268,0.2364291399717331
0.951073985680191,0.5264200792602378,0.2366749346256256
0.9498806682577565,0.5261070720423001,0.23673520982265472
0.9486873508353222,0.5257936507936508,0.23680230975151062
0.9486873508353222,0.5261416280608868,0.23691247403621674
0.9474940334128878,0.5258278145695364,0.23790057003498077
0.9463007159904535,0.5255135851557323,0.23836712539196014
0.9463007159904535,0.5258620689655172,0.2389153391122818
0.9463007159904535,0.5262110152621101,0.24035288393497467
0.9451073985680191,0.5258964143426295,0.24045021831989288
0.9451073985680191,0.5262458471760797,0.24209773540496826
0.9451073985680191,0.526595744680851,0.24227462708950043
0.9451073985680191,0.5269461077844312,0.24229949712753296
0.9451073985680191,0.5272969374167776,0.24274533987045288
0.9451073985680191,0.5276482345103265,0.24287784099578857
0.9451073985680191,0.528,0.24570538103580475
0.9451073985680191,0.5287049399198932,0.2457268387079239
0.9439140811455847,0.5283901135604543,0.2459607720375061
0.9439140811455847,0.5287433155080213,0.24607399106025696
0.9439140811455847,0.5290969899665552,0.24611201882362366
0.9439140811455847,0.5294511378848729,0.246152862906456
0.9427207637231504,0.5291359678499665,0.24648720026016235
0.9427207637231504,0.5294906166219839,0.24708648025989532
0.9427207637231504,0.5298457411133467,0.2472579926252365
0.9415274463007159,0.5295302013422819,0.24762395024299622
0.9403341288782816,0.529214237743452,0.24764874577522278
0.9403341288782816,0.5295698924731183,0.2484441101551056
0.9403341288782816,0.5299260255548084,0.24930983781814575
0.9391408114558473,0.5296096904441454,0.2495146542787552
0.9379474940334129,0.5292929292929293,0.2501225173473358
0.9379474940334129,0.5296495956873315,0.2502884566783905
0.9379474940334129,0.5300067430883345,0.2504154145717621
0.9367541766109785,0.529689608636977,0.25052037835121155
0.9367541766109785,0.5300472653612424,0.250728040933609
0.9367541766109785,0.5304054054054054,0.25140315294265747
0.9355608591885441,0.5300878972278567,0.2519775927066803
0.9343675417661098,0.5297699594046008,0.2520240843296051
0.9343675417661098,0.5301286391333785,0.2520241141319275
0.9343675417661098,0.5304878048780488,0.2525395154953003
0.9343675417661098,0.5312075983717774,0.2534923851490021
0.9331742243436754,0.5308893414799728,0.25349754095077515
0.9331742243436754,0.53125,0.2535780966281891
0.931980906921241,0.530931339225017,0.25365352630615234
0.931980906921241,0.5312925170068027,0.25387609004974365
0.931980906921241,0.5316541865214431,0.25526177883148193
0.931980906921241,0.532016348773842,0.255791038274765
0.931980906921241,0.5323790047716428,0.25594353675842285
0.931980906921241,0.5331058020477816,0.25669971108436584
0.931980906921241,0.5334699453551912,0.25769174098968506
0.931980906921241,0.5338345864661654,0.25818443298339844
0.9307875894988067,0.533515731874145,0.25853341817855835
0.9295942720763724,0.5331964407939768,0.25857627391815186
0.9295942720763724,0.5335616438356164,0.26013028621673584
0.9284009546539379,0.5332419465387251,0.2603541612625122
0.9284009546539379,0.5339739190116678,0.26160556077957153
0.9284009546539379,0.5343406593406593,0.2618257403373718
0.9284009546539379,0.5347079037800687,0.26215410232543945
0.9284009546539379,0.5350756533700137,0.26251423358917236
0.9272076372315036,0.534755677907777,0.26265373826026917
0.9272076372315036,0.5351239669421488,0.2628350257873535
0.9272076372315036,0.5358620689655172,0.2630198001861572
0.9272076372315036,0.5362318840579711,0.2656082808971405
0.9260143198090692,0.5359116022099447,0.26563695073127747
0.9260143198090692,0.5362819626814098,0.26583901047706604
0.9260143198090692,0.5366528354080221,0.2662748098373413
0.9248210023866349,0.5363321799307958,0.2670252323150635
0.9248210023866349,0.5367036011080333,0.2681262195110321
0.9248210023866349,0.5374479889042996,0.26873356103897095
0.9236276849642004,0.5371269951422624,0.269224613904953
0.9236276849642004,0.5375,0.26946330070495605
0.9224343675417661,0.5371785962473941,0.26969635486602783
0.9212410501193318,0.5368567454798331,0.2699902653694153
0.9200477326968973,0.5365344467640919,0.270007461309433
0.9200477326968973,0.536908077994429,0.2702558934688568
0.918854415274463,0.5365853658536586,0.2703949213027954
0.918854415274463,0.5369595536959554,0.2706656754016876
0.918854415274463,0.5377094972067039,0.2707841992378235
0.9176610978520287,0.5373864430468204,0.27088963985443115
0.9176610978520287,0.5381385584324703,0.27096277475357056
0.9164677804295943,0.5378151260504201,0.27189719676971436
0.9164677804295943,0.5381920112123336,0.27298641204833984
0.9152744630071599,0.5378681626928471,0.2730875313282013
0.9140811455847255,0.5375438596491228,0.27391067147254944
0.9128878281622912,0.5372191011235955,0.27470073103904724
0.9128878281622912,0.5375966268446943,0.2762548625469208
0.9128878281622912,0.5383532723434201,0.2767123878002167
0.9128878281622912,0.5387323943661971,0.2773301899433136
0.9128878281622912,0.5391120507399577,0.2776818871498108
0.9128878281622912,0.5402542372881356,0.2779255211353302
0.9116945107398569,0.5399293286219081,0.27965590357780457
0.9105011933174224,0.5396039603960396,0.279735267162323
0.9093078758949881,0.5392781316348195,0.2810567021369934
0.9081145584725537,0.5389518413597734,0.28137609362602234
0.9081145584725537,0.5393338058114813,0.2817976176738739
0.9069212410501193,0.5390070921985816,0.2821674048900604
0.905727923627685,0.5386799148332151,0.28248149156570435
0.905727923627685,0.5390625,0.28274357318878174
0.905727923627685,0.5394456289978679,0.28289881348609924
0.905727923627685,0.5398293029871978,0.2836567461490631
0.905727923627685,0.5409836065573771,0.28459349274635315
0.9045346062052506,0.5406562054208274,0.2847580313682556
0.9045346062052506,0.5410421127765882,0.28527235984802246
0.9045346062052506,0.5414285714285715,0.2863249182701111
0.9033412887828163,0.5411007862759114,0.28701046109199524
0.9021479713603818,0.5407725321888412,0.2875881493091583
0.9009546539379475,0.5404438081603435,0.28787896037101746
0.9009546539379475,0.5408309455587392,0.28877517580986023
0.8997613365155132,0.5405017921146953,0.2888709604740143
0.8997613365155132,0.5412778176597272,0.2892172336578369
0.8985680190930787,0.540948275862069,0.289634108543396
0.8973747016706444,0.5406182602444285,0.2897968888282776
0.89618138424821,0.5402877697841727,0.2898189425468445
0.89618138424821,0.5406767458603312,0.2898486256599426
0.89618138424821,0.5410662824207493,0.29060956835746765
0.8949880668257757,0.5407354001441961,0.29085201025009155
0.8937947494033412,0.5404040404040404,0.2916482985019684
0.8937947494033412,0.5407942238267148,0.2921683192253113
0.8926014319809069,0.5404624277456648,0.29349279403686523
0.8926014319809069,0.5412445730824892,0.2942046523094177
0.8926014319809069,0.5416364952932657,0.29496830701828003
0.8926014319809069,0.542422044960116,0.2951197922229767
0.8926014319809069,0.5432098765432098,0.2951415777206421
0.8926014319809069,0.5436046511627907,0.2956432104110718
0.8926014319809069,0.544,0.2956975996494293
0.8926014319809069,0.5443959243085881,0.29609981179237366
0.8926014319809069,0.5447924253459577,0.2982148230075836
0.8926014319809069,0.5455871626549964,0.30255481600761414
0.8926014319809069,0.545985401459854,0.30262085795402527
0.8926014319809069,0.5467836257309941,0.3036244809627533
0.8926014319809069,0.5475841874084919,0.30384570360183716
0.8914081145584726,0.5472527472527473,0.3040618598461151
0.8914081145584726,0.5476539589442815,0.3045477867126465
0.8914081145584726,0.5480557593543653,0.3045596778392792
0.8914081145584726,0.5488611315209405,0.30594006180763245
0.8914081145584726,0.549264705882353,0.30604374408721924
0.8914081145584726,0.5496688741721855,0.3063041567802429
0.8914081145584726,0.5500736377025037,0.3068527281284332
0.8914081145584726,0.5504789977892409,0.3073728382587433
0.8902147971360382,0.5501474926253688,0.30854684114456177
0.8902147971360382,0.5505535055350553,0.30854690074920654
0.8902147971360382,0.55096011816839,0.30897846817970276
0.8890214797136038,0.5506282335550629,0.3091560900211334
0.8878281622911695,0.5502958579881657,0.30924221873283386
0.8866348448687351,0.5499629903774982,0.31034472584724426
0.8866348448687351,0.5503703703703704,0.31093016266822815
0.8854415274463007,0.5500370644922165,0.31104588508605957
0.8854415274463007,0.5504451038575667,0.3115808963775635
0.8842482100238663,0.5501113585746102,0.3129367232322693
0.8842482100238663,0.5505200594353641,0.31335553526878357
0.8842482100238663,0.5509293680297398,0.31340333819389343
0.8842482100238663,0.5513392857142857,0.3136357069015503
0.8842482100238663,0.5521609538002981,0.31466174125671387
0.8842482100238663,0.5525727069351231,0.31475740671157837
0.8842482100238663,0.5529850746268656,0.3148227035999298
0.8842482100238663,0.5533980582524272,0.3148227334022522
0.8842482100238663,0.5538116591928252,0.315308541059494
0.8842482100238663,0.5542258788332087,0.3158904016017914
0.8842482100238663,0.5546407185628742,0.3161521553993225
0.8842482100238663,0.5550561797752809,0.3161521852016449
0.8842482100238663,0.5554722638680659,0.31628990173339844
0.883054892601432,0.5551387846961741,0.3165897727012634
0.883054892601432,0.5555555555555556,0.31671836972236633
0.883054892601432,0.5559729526671675,0.3176884651184082
0.8818615751789977,0.5556390977443609,0.31795477867126465
0.8806682577565632,0.5553047404063205,0.3180633783340454
0.8806682577565632,0.5561416729464959,0.31882786750793457
0.8794749403341289,0.5558069381598794,0.32109078764915466
0.8794749403341289,0.5562264150943397,0.3211439847946167
0.8794749403341289,0.5570672713529856,0.3211515247821808
0.8782816229116945,0.556732223903177,0.32132160663604736
0.8770883054892601,0.5563966691900075,0.321336567401886
0.8770883054892601,0.5568181818181818,0.32168254256248474
0.8770883054892601,0.5572403335860501,0.3220001459121704
0.8770883054892601,0.5576631259484067,0.3229881525039673
0.8758949880668258,0.5573272589217919,0.3230929374694824
0.8758949880668258,0.5577507598784195,0.3237336277961731
0.8758949880668258,0.558599695585997,0.3243980407714844
0.8747016706443914,0.5582635186595583,0.3254048228263855
0.8735083532219571,0.5579268292682927,0.32550597190856934
0.8735083532219571,0.5583524027459954,0.3255060017108917
0.8735083532219571,0.5592055003819709,0.3257055878639221
0.8735083532219571,0.5600612088752869,0.32655343413352966
0.8723150357995226,0.5597243491577335,0.32660627365112305
0.8723150357995226,0.5610130468150422,0.32673266530036926
0.8723150357995226,0.5614439324116743,0.3271898925304413
0.8723150357995226,0.5618754803996926,0.3273079991340637
0.8723150357995226,0.5623076923076923,0.3278174102306366
0.8711217183770883,0.5619707467282525,0.328040212392807
0.8711217183770883,0.5624036979969184,0.3283621072769165
0.8711217183770883,0.5628373168851195,0.32848238945007324
0.8711217183770883,0.5632716049382716,0.3289850354194641
0.8711217183770883,0.5637065637065637,0.3289850652217865
0.8711217183770883,0.5641421947449768,0.32910239696502686
0.869928400954654,0.5638051044083526,0.3291291296482086
0.869928400954654,0.5646785437645236,0.3291594982147217
0.8687350835322196,0.5643410852713179,0.329317569732666
0.8675417661097852,0.5640031031807603,0.3295280635356903
0.8675417661097852,0.5648795648795649,0.33023735880851746
0.8675417661097852,0.5653188180404355,0.33068105578422546
0.8663484486873508,0.5649805447470817,0.33078745007514954
0.8663484486873508,0.5654205607476636,0.33105573058128357
0.863961813842482,0.5647425897035881,0.3317786753177643
0.863961813842482,0.565183450429352,0.33232569694519043
0.8627684964200477,0.56484375,0.3325565457344055
0.8615751789976134,0.5645035183737295,0.332952082157135
0.8615751789976134,0.564945226917058,0.3332154154777527
0.860381861575179,0.5646045418950666,0.3341261148452759
0.860381861575179,0.5650470219435737,0.33418306708335876
0.860381861575179,0.5654901960784313,0.33426570892333984
0.860381861575179,0.5659340659340659,0.33454379439353943
0.860381861575179,0.5663786331500392,0.334634393453598
0.860381861575179,0.5668238993710691,0.3348598778247833
0.860381861575179,0.5677165354330709,0.3351936936378479
0.8591885441527446,0.5673758865248227,0.3353569209575653
0.8591885441527446,0.5678233438485805,0.3354000747203827
0.8591885441527446,0.5682715074980268,0.33588898181915283
0.8579952267303103,0.5679304897314376,0.3359413743019104
0.8568019093078759,0.5675889328063242,0.3359909653663635
0.8568019093078759,0.5680379746835443,0.33665138483047485
0.8568019093078759,0.5684877276326208,0.33713382482528687
0.8568019093078759,0.5689381933438986,0.3377092182636261
0.8556085918854416,0.5685963521015067,0.3380400836467743
0.8556085918854416,0.569047619047619,0.3384758532047272
0.8556085918854416,0.5694996028594123,0.33870628476142883
0.8544152744630071,0.5691573926868044,0.33873093128204346
0.8532219570405728,0.5688146380270486,0.34007593989372253
0.8532219570405728,0.5692675159235668,0.3401947617530823
0.8532219570405728,0.5697211155378487,0.34031596779823303
0.8532219570405728,0.5710862619808307,0.34045588970184326
0.8520286396181385,0.5707434052757794,0.3407949209213257
0.8520286396181385,0.5712,0.3408464193344116
0.850835322195704,0.5708566853482786,0.34115704894065857
0.850835322195704,0.5713141025641025,0.34131190180778503
0.8496420047732697,0.5709703287890938,0.34135907888412476
0.8484486873508353,0.5706260032102729,0.3417818248271942
0.8484486873508353,0.5710843373493976,0.3421073853969574
0.8484486873508353,0.5715434083601286,0.3425951600074768
0.8484486873508353,0.5720032180209171,0.34336158633232117
0.8484486873508353,0.5729250604351329,0.3453196585178375
0.847255369928401,0.5725806451612904,0.3458673357963562
0.847255369928401,0.5735056542810986,0.34604430198669434
0.847255369928401,0.5739692805173807,0.34611380100250244
0.8460620525059666,0.5736245954692557,0.3463081419467926
0.8448687350835322,0.5732793522267207,0.34716111421585083
0.8436754176610979,0.5729335494327391,0.3473746180534363
0.8436754176610979,0.5738636363636364,0.3473900854587555
0.8436754176610979,0.5747967479674797,0.35026678442955017
0.8424821002386634,0.5744507729861676,0.35037896037101746
0.8412887828162291,0.5741042345276873,0.3504585325717926
0.8412887828162291,0.5755102040816327,0.3510318398475647
0.8412887828162291,0.5769230769230769,0.35149505734443665
0.8412887828162291,0.5773955773955773,0.3526364862918854
0.8412887828162291,0.5778688524590164,0.3526948094367981
0.8412887828162291,0.5783429040196882,0.3538918197154999
0.8412887828162291,0.5788177339901478,0.3544597625732422
0.8412887828162291,0.5792933442892358,0.3553561270236969
0.8412887828162291,0.5797697368421053,0.3555136024951935
0.8400954653937948,0.5794238683127572,0.35552170872688293
0.8389021479713604,0.5790774299835255,0.35625341534614563
0.8389021479713604,0.5795548227535037,0.3566739857196808
0.837708830548926,0.5792079207920792,0.35750070214271545
0.8365155131264916,0.578860445912469,0.35762709379196167
0.8365155131264916,0.5793388429752067,0.3577147126197815
0.8365155131264916,0.5798180314309347,0.3577214479446411
0.8365155131264916,0.5802980132450332,0.3578527271747589
0.8365155131264916,0.5812603648424544,0.3578818738460541
0.8353221957040573,0.5809128630705395,0.35791632533073425
0.834128878281623,0.5805647840531561,0.3583299219608307
0.834128878281623,0.5815307820299501,0.3590049743652344
0.834128878281623,0.582014987510408,0.35903722047805786
0.834128878281623,0.5829858215179317,0.35939621925354004
0.8329355608591885,0.5826377295492488,0.359541118144989
0.8317422434367542,0.5822890559732665,0.3598446249961853
0.8305489260143198,0.5819397993311036,0.3599851429462433
0.8293556085918854,0.5815899581589958,0.36020052433013916
0.8281622911694511,0.5812395309882747,0.3602607846260071
0.8281622911694511,0.5817267393126572,0.36095792055130005
0.8281622911694511,0.5822147651006712,0.36108118295669556
0.8281622911694511,0.5827036104114189,0.36118343472480774
0.8281622911694511,0.5831932773109244,0.36122003197669983
0.8281622911694511,0.5836837678721615,0.3614072799682617
0.8281622911694511,0.5841750841750841,0.36168137192726135
0.8281622911694511,0.5851602023608768,0.3616972863674164
0.8269689737470167,0.5848101265822785,0.36173298954963684
0.8269689737470167,0.5853040540540541,0.36182701587677
0.8257756563245824,0.5849535080304311,0.3626449704170227
0.8245823389021479,0.5846023688663282,0.3630988597869873
0.8245823389021479,0.5850973751058425,0.36346298456192017
0.8233890214797136,0.5847457627118644,0.36346960067749023
0.8233890214797136,0.5852417302798982,0.36359602212905884
0.8233890214797136,0.5862361937128292,0.3638753592967987
0.8221957040572793,0.5858843537414966,0.36396902799606323
0.8221957040572793,0.5863829787234043,0.3642413318157196
0.8210023866348448,0.58603066439523,0.3650418221950531
0.8210023866348448,0.5870307167235495,0.36544546484947205
0.8210023866348448,0.587532023911187,0.3659442067146301
0.8210023866348448,0.5885372112917023,0.36596158146858215
0.8210023866348448,0.589041095890411,0.36650219559669495
0.8210023866348448,0.5895458440445587,0.366599977016449
0.8210023866348448,0.5900514579759862,0.3671078681945801
0.8198090692124105,0.5896995708154507,0.367158442735672
0.8198090692124105,0.5902061855670103,0.3672024607658386
0.8198090692124105,0.5907136715391229,0.36744385957717896
0.8186157517899761,0.5903614457831325,0.3677004277706146
0.8174224343675418,0.5900086132644272,0.3677005171775818
0.8162291169451074,0.5896551724137931,0.3677104413509369
0.815035799522673,0.5893011216566005,0.36777645349502563
0.815035799522673,0.5898100172711571,0.36803969740867615
0.8138424821002387,0.5894554883318929,0.36838382482528687
0.8138424821002387,0.5899653979238755,0.3689334988594055
0.8138424821002387,0.5904761904761905,0.3689447045326233
0.8126491646778043,0.5901213171577123,0.3693161904811859
0.8114558472553699,0.5897658282740676,0.3698221743106842
0.8102625298329356,0.5894097222222222,0.3700990676879883
0.8090692124105012,0.5890529973935708,0.3704928755760193
0.8078758949880668,0.5886956521739131,0.3709663152694702
0.8066825775656324,0.5883376849434291,0.3712199926376343
0.8054892601431981,0.587979094076655,0.37173154950141907
0.8054892601431981,0.5890052356020943,0.3726612329483032
0.8054892601431981,0.5895196506550219,0.3730626702308655
0.8042959427207638,0.5891608391608392,0.374070405960083
0.8031026252983293,0.5888013998250219,0.3740721344947815
0.8031026252983293,0.5893169877408057,0.3740721642971039
0.8031026252983293,0.5898334794040315,0.3759887218475342
0.801909307875895,0.5894736842105263,0.3760605752468109
0.8007159904534606,0.5891132572431957,0.37695252895355225
0.7995226730310262,0.5887521968365553,0.3771079480648041
0.7995226730310262,0.5892700087950747,0.37733784317970276
0.7983293556085919,0.5889084507042254,0.3775686025619507
0.7983293556085919,0.5894273127753304,0.37796536087989807
0.7971360381861575,0.5890652557319224,0.3785056173801422
0.7959427207637232,0.588702559576346,0.37877190113067627
0.7947494033412887,0.588339222614841,0.37908345460891724
0.7935560859188544,0.5879752431476569,0.3794933259487152
0.7923627684964201,0.5876106194690266,0.3794934153556824
0.7911694510739857,0.587245349867139,0.3800012767314911
0.7899761336515513,0.5868794326241135,0.3802487254142761
0.7899761336515513,0.5884444444444444,0.3814227879047394
0.7899761336515513,0.5889679715302492,0.3816884458065033
0.7899761336515513,0.5894924309884239,0.3823702037334442
0.7875894988066826,0.5887600356824264,0.3828984200954437
0.7863961813842482,0.5883928571428572,0.38320761919021606
0.7852028639618138,0.5880250223413762,0.3836486339569092
0.7840095465393795,0.5876565295169947,0.38454946875572205
0.7828162291169452,0.5872873769024172,0.38543713092803955
0.7816229116945107,0.5869175627240143,0.3861505687236786
0.7816229116945107,0.5874439461883408,0.3862619400024414
0.7816229116945107,0.5879712746858169,0.3862886130809784
0.7804295942720764,0.5876010781671159,0.38679835200309753
0.779236276849642,0.5872302158273381,0.3869907557964325
0.779236276849642,0.5882882882882883,0.38700827956199646
0.7780429594272077,0.587917042380523,0.3878667652606964
0.7780429594272077,0.5884476534296029,0.388058066368103
0.7768496420047732,0.5880758807588076,0.3885861039161682
0.7756563245823389,0.5877034358047016,0.3890594244003296
0.7756563245823389,0.5882352941176471,0.3890799582004547
0.7744630071599046,0.5878623188405797,0.38931241631507874
0.7744630071599046,0.588929219600726,0.3896704614162445
0.7732696897374701,0.5885558583106267,0.39089035987854004
0.7720763723150358,0.5881818181818181,0.39117932319641113
0.7708830548926014,0.5878070973612375,0.39131227135658264
0.7696897374701671,0.587431693989071,0.39179977774620056
0.7696897374701671,0.5879671832269827,0.39241930842399597
0.7684964200477327,0.5875912408759124,0.39313703775405884
0.7673031026252983,0.5872146118721461,0.39363396167755127
0.766109785202864,0.5868372943327239,0.3946034908294678
0.7649164677804295,0.5864592863677951,0.39481258392333984
0.7649164677804295,0.5875343721356554,0.39604878425598145
0.7637231503579952,0.5871559633027523,0.3962254524230957
0.7625298329355609,0.5867768595041323,0.397137850522995
0.7625298329355609,0.5873161764705882,0.3978345990180969
0.7613365155131265,0.5869365225390984,0.39811423420906067
0.7601431980906921,0.5865561694290976,0.3984070122241974
0.7601431980906921,0.5876383763837638,0.398436963558197
0.7589498806682577,0.5872576177285319,0.3986234664916992
0.7589498806682577,0.5878003696857671,0.3988208472728729
0.7589498806682577,0.5883441258094357,0.3990631699562073
0.7589498806682577,0.5888888888888889,0.3991588056087494
0.7577565632458234,0.5885078776645042,0.3993682861328125
0.7565632458233891,0.588126159554731,0.3997776508331299
0.7553699284009546,0.5877437325905293,0.4003991186618805
0.7553699284009546,0.5882899628252788,0.40089255571365356
0.7541766109785203,0.587906976744186,0.40093451738357544
0.7541766109785203,0.5884543761638734,0.4009939134120941
0.7541766109785203,0.5890027958993477,0.40111982822418213
0.752983293556086,0.5886194029850746,0.40115493535995483
0.752983293556086,0.5891690009337068,0.40198105573654175
0.752983293556086,0.5897196261682243,0.40210625529289246
0.7517899761336515,0.5893358278765201,0.40253734588623047
0.7517899761336515,0.5898876404494382,0.40261614322662354
0.7505966587112172,0.5895032802249297,0.40268847346305847
0.7494033412887828,0.5891181988742964,0.403239905834198
0.7494033412887828,0.5902255639097744,0.40364015102386475
0.7494033412887828,0.5907808090310442,0.40383315086364746
0.7494033412887828,0.591337099811676,0.40434905886650085
0.7494033412887828,0.5924528301886792,0.40465453267097473
0.747016706443914,0.5916824196597353,0.40498584508895874
0.7458233890214797,0.5912961210974456,0.4050650894641876
0.7458233890214797,0.5918560606060606,0.40528759360313416
0.7446300715990454,0.5914691943127962,0.40537428855895996
0.7446300715990454,0.5920303605313093,0.4055103659629822
0.7446300715990454,0.5925925925925926,0.4059067666530609
0.7446300715990454,0.5931558935361216,0.40593916177749634
0.7434367541766109,0.5927687916270219,0.40692707896232605
0.7422434367541766,0.5923809523809523,0.40704408288002014
0.7422434367541766,0.5929456625357483,0.40715479850769043
0.7422434367541766,0.5940783190066857,0.40746015310287476
0.7422434367541766,0.5946462715105163,0.407524049282074
0.7410501193317423,0.5942583732057416,0.40791139006614685
0.7410501193317423,0.5948275862068966,0.4102964699268341
0.7410501193317423,0.5953978906999041,0.4119585454463959
0.7398568019093079,0.5950095969289827,0.4120609760284424
0.7386634844868735,0.5946205571565802,0.4127345383167267
0.7386634844868735,0.5957651588065448,0.41338008642196655
0.7386634844868735,0.5963391136801541,0.4134209454059601
0.7386634844868735,0.5969141755062681,0.4149216115474701
0.7386634844868735,0.5980676328502416,0.41494035720825195
0.7386634844868735,0.5986460348162476,0.4166043996810913
0.7386634844868735,0.5992255566311714,0.41679447889328003
0.7374701670644391,0.5988372093023255,0.417483925819397
0.7374701670644391,0.5994180407371484,0.4180654287338257
0.7374701670644391,0.6005830903790087,0.418689489364624
0.7374701670644391,0.6011673151750972,0.4195484220981598
0.7374701670644391,0.6017526777020448,0.4195484519004822
0.7374701670644391,0.6023391812865497,0.4202287495136261
0.7374701670644391,0.603515625,0.42037492990493774
0.7362768496420048,0.603128054740958,0.42091429233551025
0.7362768496420048,0.6037181996086106,0.421221524477005
0.7350835322195705,0.6033300685602351,0.42182520031929016
0.733890214797136,0.6029411764705882,0.4227990210056305
0.7326968973747017,0.6025515210991168,0.422966867685318
0.7315035799522673,0.6021611001964636,0.4231192469596863
0.7315035799522673,0.6027531956735497,0.42318636178970337
0.7315035799522673,0.6033464566929134,0.4238003194332123
0.7315035799522673,0.6039408866995074,0.4239686131477356
0.7315035799522673,0.6057312252964426,0.4241771996021271
0.7303102625298329,0.6053412462908012,0.4242470860481262
0.7303102625298329,0.6059405940594059,0.424457848072052
0.7291169451073986,0.6055500495540139,0.424594908952713
0.7291169451073986,0.6067527308838133,0.424726665019989
0.7291169451073986,0.6073558648111332,0.42513495683670044
0.7291169451073986,0.6079601990049751,0.42518433928489685
0.7279236276849642,0.6075697211155379,0.4256892204284668
0.7267303102625299,0.6071784646061814,0.4265943765640259
0.7267303102625299,0.6083916083916084,0.426979660987854
0.7255369928400954,0.608,0.4272478520870209
0.7243436754176611,0.6076076076076076,0.4282296597957611
0.7231503579952268,0.6072144288577155,0.42900529503822327
0.7231503579952268,0.6078234704112337,0.4291209876537323
0.7231503579952268,0.608433734939759,0.4293268620967865
0.7231503579952268,0.6090452261306533,0.42939701676368713
0.7219570405727923,0.6086519114688129,0.4295841455459595
0.7219570405727923,0.6092648539778449,0.4300640821456909
0.720763723150358,0.6088709677419355,0.4304297864437103
0.720763723150358,0.6094853683148335,0.43066883087158203
0.7183770883054893,0.6086956521739131,0.4307979941368103
0.7183770883054893,0.6093117408906883,0.4316292703151703
0.7171837708830548,0.6089159067882473,0.43188533186912537
0.7159904534606205,0.6085192697768763,0.4321255683898926
0.7159904534606205,0.6091370558375635,0.43268051743507385
0.7159904534606205,0.6097560975609756,0.43300068378448486
0.7159904534606205,0.6103763987792472,0.433670312166214
0.7147971360381862,0.609979633401222,0.43409013748168945
0.7147971360381862,0.6106014271151886,0.4347672462463379
0.7136038186157518,0.610204081632653,0.43508848547935486
0.7136038186157518,0.6108273748723186,0.4353567659854889
0.7136038186157518,0.6114519427402862,0.4355331063270569
0.7124105011933174,0.6110542476970318,0.4355352818965912
0.7124105011933174,0.6116803278688525,0.43591296672821045
0.7124105011933174,0.6123076923076923,0.436138778924942
0.7124105011933174,0.6129363449691991,0.4367753565311432
0.7124105011933174,0.6135662898252826,0.43794047832489014
0.7124105011933174,0.6141975308641975,0.4379674196243286
0.7124105011933174,0.6148300720906282,0.4380626082420349
0.711217183770883,0.6144329896907217,0.4386902153491974
0.711217183770883,0.6150670794633643,0.4386995732784271
0.7100238663484487,0.6146694214876033,0.4396762549877167
0.7100238663484487,0.6153050672182007,0.4404931962490082
0.7088305489260143,0.6149068322981367,0.4412503242492676
0.7088305489260143,0.6155440414507772,0.44129014015197754
0.7076372315035799,0.6151452282157677,0.4415995478630066
0.7076372315035799,0.6164241164241164,0.4420129358768463
0.7064439140811456,0.6160249739854319,0.443007230758667
0.7052505966587113,0.615625,0.4431751072406769
0.7052505966587113,0.616266944734098,0.4431992769241333
0.7052505966587113,0.6169102296450939,0.44335484504699707
0.7052505966587113,0.6175548589341693,0.4434414207935333
0.7052505966587113,0.6182008368200836,0.4439261555671692
0.7052505966587113,0.618848167539267,0.4439522922039032
0.7052505966587113,0.6194968553459119,0.4451879560947418
0.7052505966587113,0.6201469045120671,0.4461806118488312
0.7052505966587113,0.6207983193277311,0.4468456208705902
0.7052505966587113,0.6214511041009464,0.44722604751586914
0.7052505966587113,0.6227608008429927,0.4476204514503479
0.7040572792362768,0.6223628691983122,0.44780609011650085
0.7028639618138425,0.6219640971488912,0.4485507607460022
0.7028639618138425,0.6226215644820295,0.44935163855552673
0.7016706443914081,0.6222222222222222,0.4495861530303955
0.7004773269689738,0.621822033898305,0.44970595836639404
0.7004773269689738,0.6224814422057264,0.4500872790813446
0.6992840095465394,0.6220806794055201,0.4501471221446991
0.6992840095465394,0.6227417640807651,0.45014718174934387
0.6992840095465394,0.6234042553191489,0.45024004578590393
0.698090692124105,0.6230031948881789,0.4504148066043854
0.698090692124105,0.624332977588047,0.45071130990982056
0.698090692124105,0.625,0.4508296549320221
0.698090692124105,0.6256684491978609,0.4513080418109894
0.6968973747016707,0.6252676659528907,0.4514480531215668
0.6968973747016707,0.6272824919441461,0.45145344734191895
0.6957040572792362,0.6268817204301075,0.45163652300834656
0.6945107398568019,0.6264800861141012,0.4516688585281372
0.6933174224343676,0.6260775862068966,0.4517253339290619
0.6933174224343676,0.6267529665587918,0.4517613351345062
0.6933174224343676,0.6274298056155507,0.4522322416305542
0.6933174224343676,0.6281081081081081,0.45235252380371094
0.6921241050119332,0.6277056277056277,0.4526626169681549
0.6921241050119332,0.628385698808234,0.45304179191589355
0.6921241050119332,0.6290672451193059,0.4531157910823822
0.6909307875894988,0.6286644951140065,0.4536602795124054
0.6909307875894988,0.6293478260869565,0.45382723212242126
0.6909307875894988,0.6300326441784548,0.4541928768157959
0.6909307875894988,0.630718954248366,0.4542638063430786
0.6909307875894988,0.6314067611777535,0.45427045226097107
0.6909307875894988,0.6320960698689956,0.4548451006412506
0.6897374701670644,0.6316939890710382,0.45544132590293884
0.6885441527446301,0.6312910284463895,0.45558270812034607
0.6885441527446301,0.6319824753559693,0.4564436972141266
0.6873508353221957,0.631578947368421,0.45678043365478516
0.6873508353221957,0.6322722283205269,0.45698854327201843
0.6873508353221957,0.6336633663366337,0.4571184515953064
0.6873508353221957,0.6343612334801763,0.4573569893836975
0.6873508353221957,0.6350606394707828,0.45746156573295593
0.6873508353221957,0.6357615894039735,0.45880240201950073
0.6861575178997613,0.6353591160220995,0.45990487933158875
0.6861575178997613,0.6374722838137472,0.45994633436203003
0.684964200477327,0.6370699223085461,0.4600135385990143
0.684964200477327,0.6377777777777778,0.46038201451301575
0.6837708830548926,0.6373748609566184,0.4604071378707886
0.6837708830548926,0.6387959866220736,0.4606161117553711
0.6825775656324582,0.6383928571428571,0.46079596877098083
0.6825775656324582,0.6391061452513966,0.46101272106170654
0.6825775656324582,0.639821029082774,0.46190881729125977
0.6813842482100239,0.6394176931690929,0.46279504895210266
0.6813842482100239,0.6401345291479821,0.4629555344581604
0.6801909307875895,0.6397306397306397,0.46335628628730774
0.6789976133651552,0.6393258426966292,0.46338772773742676
0.6778042959427207,0.6389201349831272,0.4635651409626007
0.6778042959427207,0.6396396396396397,0.46369439363479614
0.6778042959427207,0.6403607666290868,0.4637638032436371
0.6778042959427207,0.6410835214446953,0.4638027250766754
0.6778042959427207,0.6425339366515838,0.4642476737499237
0.6766109785202864,0.6421291053227633,0.46425002813339233
0.6766109785202864,0.6428571428571429,0.4656515419483185
0.6754176610978521,0.6424517593643587,0.4659123420715332
0.6754176610978521,0.6431818181818182,0.4659731090068817
0.6742243436754176,0.6427758816837316,0.4662512540817261
0.6730310262529833,0.642369020501139,0.4663015902042389
0.6718377088305489,0.6419612314709237,0.46634384989738464
0.6718377088305489,0.6426940639269406,0.4663797914981842
0.6706443914081146,0.6422857142857142,0.4666615426540375
0.6694510739856802,0.6418764302059496,0.46666887402534485
0.6682577565632458,0.6414662084765178,0.4668002128601074
0.6682577565632458,0.6422018348623854,0.46696463227272034
0.6682577565632458,0.6436781609195402,0.46836143732070923
0.6670644391408115,0.6432681242807825,0.4687424898147583
0.665871121718377,0.6428571428571429,0.4689789116382599
0.6646778042959427,0.6424452133794695,0.46897926926612854
0.6634844868735084,0.6420323325635104,0.4693128764629364
0.6634844868735084,0.6427745664739885,0.46932047605514526
0.6634844868735084,0.6435185185185185,0.46938496828079224
0.662291169451074,0.6431054461181923,0.4697786569595337
0.662291169451074,0.6438515081206496,0.4698062241077423
0.662291169451074,0.6445993031358885,0.4699121117591858
0.6610978520286396,0.6441860465116279,0.47017359733581543
0.6599045346062052,0.6437718277066357,0.47053924202919006
0.6599045346062052,0.6445221445221445,0.4706059694290161
0.6599045346062052,0.6452742123687282,0.4708392024040222
0.6599045346062052,0.6460280373831776,0.4711315333843231
0.6599045346062052,0.6467836257309941,0.4711803197860718
0.6587112171837709,0.6463700234192038,0.4713574945926666
0.6587112171837709,0.647887323943662,0.47181078791618347
0.6575178997613366,0.6474735605170387,0.4718706011772156
0.6563245823389021,0.6470588235294118,0.47195619344711304
0.6551312649164678,0.6466431095406361,0.4723486602306366
0.6539379474940334,0.6462264150943396,0.4724218249320984
0.652744630071599,0.6458087367178277,0.4725356698036194
0.6515513126491647,0.6453900709219859,0.472688227891922
0.6515513126491647,0.6461538461538462,0.47284653782844543
0.6515513126491647,0.6469194312796208,0.4730278551578522
0.6503579952267303,0.6465005931198102,0.47303521633148193
0.649164677804296,0.6460807600950119,0.47333309054374695
0.6479713603818615,0.6456599286563615,0.47467562556266785
0.6467780429594272,0.6452380952380953,0.47473955154418945
0.6455847255369929,0.6448152562574494,0.47494959831237793
0.6455847255369929,0.6455847255369929,0.4753413796424866
0.6455847255369929,0.6463560334528077,0.4753926694393158
0.6443914081145584,0.645933014354067,0.47615060210227966
0.6443914081145584,0.6467065868263473,0.4762831926345825
0.6443914081145584,0.6474820143884892,0.4763317406177521
0.6431980906921241,0.6470588235294118,0.47650033235549927
0.6420047732696897,0.6466346153846154,0.47660383582115173
0.6420047732696897,0.6474127557160048,0.4767601788043976
0.6420047732696897,0.6481927710843374,0.4778495132923126
0.6408114558472554,0.6477683956574186,0.4780166447162628
0.639618138424821,0.6473429951690821,0.4780553877353668
0.6384248210023866,0.6469165659008465,0.4780784845352173
0.6384248210023866,0.6476997578692494,0.4783572256565094
0.6384248210023866,0.6484848484848484,0.47875046730041504
0.6384248210023866,0.6492718446601942,0.47875744104385376
0.6384248210023866,0.6500607533414338,0.4787895977497101
0.6384248210023866,0.6508515815085159,0.47884485125541687
0.6372315035799523,0.6504263093788063,0.47896531224250793
0.6372315035799523,0.652014652014652,0.47900983691215515
0.6372315035799523,0.6528117359413202,0.47901225090026855
0.636038186157518,0.6523867809057528,0.4791968762874603
0.6348448687350835,0.6519607843137255,0.47920969128608704
0.6336515513126492,0.6515337423312884,0.4795694649219513
0.6336515513126492,0.6523341523341524,0.4796329140663147
0.6324582338902148,0.6519065190651907,0.47993165254592896
0.6312649164677804,0.6514778325123153,0.47994184494018555
0.6312649164677804,0.6522811344019729,0.48034271597862244
0.630071599045346,0.6518518518518519,0.48057249188423157
0.6288782816229117,0.6514215080346106,0.4808833599090576
0.6288782816229117,0.6530359355638166,0.48089006543159485
0.6276849642004774,0.652605459057072,0.48107120394706726
0.6264916467780429,0.6521739130434783,0.48123282194137573
0.6252983293556086,0.6517412935323383,0.4813244938850403
0.6252983293556086,0.6525529265255293,0.48145294189453125
0.6241050119331742,0.6521197007481296,0.48173418641090393
0.6229116945107399,0.651685393258427,0.4818480312824249
0.6217183770883055,0.65125,0.481855571269989
0.6217183770883055,0.6528822055137845,0.4820723235607147
0.6205250596658711,0.6524466750313677,0.4821113348007202
0.6193317422434368,0.6520100502512562,0.48216453194618225
0.6193317422434368,0.6528301886792452,0.48233702778816223
0.6181384248210023,0.6523929471032746,0.4824974536895752
0.616945107398568,0.6519546027742749,0.48257043957710266
0.6157517899761337,0.6515151515151515,0.4826752841472626
0.6157517899761337,0.6531645569620254,0.48296236991882324
0.6145584725536993,0.6527249683143219,0.48374152183532715
0.6133651551312649,0.6522842639593909,0.48395395278930664
0.6121718377088305,0.6518424396442185,0.4840577244758606
0.6109785202863962,0.6513994910941476,0.4841817617416382
0.6097852028639618,0.6509554140127388,0.48444655537605286
0.6097852028639618,0.6517857142857143,0.48449963331222534
0.6085918854415274,0.6513409961685823,0.4845433235168457
0.6085918854415274,0.6521739130434783,0.4847146272659302
0.6085918854415274,0.6530089628681178,0.48471468687057495
0.6085918854415274,0.6538461538461539,0.48471933603286743
0.6073985680190931,0.6534017971758665,0.4850277304649353
0.6062052505966588,0.6529562982005142,0.4851008951663971
0.6050119331742243,0.6525096525096525,0.48514941334724426
0.60381861575179,0.6520618556701031,0.48519623279571533
0.6026252983293556,0.6516129032258065,0.4852449595928192
0.6014319809069213,0.6511627906976745,0.4857449233531952
0.6002386634844868,0.6507115135834411,0.48585376143455505
0.5990453460620525,0.6502590673575129,0.4861023426055908
0.5990453460620525,0.6511024643320363,0.48613569140434265
0.5990453460620525,0.6519480519480519,0.48623591661453247
0.5990453460620525,0.6527958387516255,0.4862525463104248
0.5978520286396182,0.65234375,0.48633062839508057
0.5966587112171837,0.651890482398957,0.4863591492176056
0.5954653937947494,0.6514360313315927,0.4865204989910126
0.594272076372315,0.6509803921568628,0.4868136942386627
0.5930787589498807,0.650523560209424,0.48681673407554626
0.5918854415274463,0.6500655307994757,0.4871167242527008
0.5918854415274463,0.6509186351706037,0.48743611574172974
0.5918854415274463,0.6517739816031537,0.4877406060695648
0.5906921241050119,0.6513157894736842,0.4878385365009308
0.5894988066825776,0.6508563899868248,0.48790156841278076
0.5883054892601431,0.6503957783641161,0.4879746437072754
0.5871121718377088,0.6499339498018494,0.4880422055721283
0.5871121718377088,0.6507936507936508,0.488262414932251
0.5859188544152745,0.6503311258278146,0.4883091449737549
0.5847255369928401,0.649867374005305,0.4884522259235382
0.5835322195704057,0.649402390438247,0.48850706219673157
0.5823389021479713,0.648936170212766,0.48868247866630554
0.581145584725537,0.6484687083888149,0.4886929988861084
0.5799522673031027,0.648,0.48871925473213196
0.5787589498806682,0.6475300400534045,0.48876118659973145
0.5787589498806682,0.6492637215528781,0.48883306980133057
0.5775656324582339,0.6487935656836461,0.48899394273757935
0.5775656324582339,0.6505376344086021,0.4890786111354828
0.5775656324582339,0.6514131897711979,0.48991724848747253
0.5763723150357996,0.6509433962264151,0.49025022983551025
0.5751789976133651,0.650472334682861,0.49026861786842346
0.5751789976133651,0.6513513513513514,0.4903581440448761
0.5739856801909308,0.6508795669824087,0.49058982729911804
0.5739856801909308,0.6517615176151762,0.4906489849090576
0.5727923627684964,0.6512890094979648,0.49070602655410767
0.5715990453460621,0.6508152173913043,0.4908906817436218
0.5715990453460621,0.6525885558583107,0.49091774225234985
0.5704057279236276,0.6521145975443383,0.49095577001571655
0.5704057279236276,0.6530054644808743,0.491040974855423
0.5704057279236276,0.6547945205479452,0.4911077320575714
0.5692124105011933,0.654320987654321,0.49115321040153503
0.5692124105011933,0.656121045392022,0.49126365780830383
0.568019093078759,0.6556473829201102,0.4913502633571625
0.5668257756563246,0.6551724137931034,0.4913991391658783
0.5656324582338902,0.6546961325966851,0.49158304929733276
0.5644391408114559,0.6542185338865837,0.4916461408138275
0.5632458233890215,0.6537396121883656,0.4916665256023407
0.5632458233890215,0.6555555555555556,0.4916881024837494
0.5620525059665871,0.655076495132128,0.4917893409729004
0.5620525059665871,0.6587412587412588,0.4918302893638611
0.5620525059665871,0.6596638655462185,0.49203723669052124
0.5620525059665871,0.6605890603085554,0.4921422600746155
0.5620525059665871,0.6615168539325843,0.492385596036911
0.5608591885441527,0.6610407876230661,0.49251726269721985
0.5596658711217184,0.6605633802816901,0.4925347864627838
0.5596658711217184,0.6614950634696756,0.49264979362487793
0.5584725536992841,0.6610169491525424,0.4927122890949249
0.5572792362768496,0.6605374823196606,0.49282458424568176
0.5560859188544153,0.660056657223796,0.49282991886138916
0.5560859188544153,0.6609929078014184,0.49299317598342896
0.5548926014319809,0.6605113636363636,0.4931206703186035
0.5548926014319809,0.6614509246088194,0.49317467212677
0.5536992840095465,0.6609686609686609,0.4932419955730438
0.5525059665871122,0.6604850213980028,0.49336346983909607
0.5525059665871122,0.6614285714285715,0.49341729283332825
0.5513126491646778,0.6609442060085837,0.4941864311695099
0.5501193317422435,0.660458452722063,0.49430423974990845
0.548926014319809,0.6599713055954088,0.49458378553390503
0.5477326968973747,0.6594827586206896,0.4947163760662079
0.5465393794749404,0.6589928057553956,0.49477994441986084
0.545346062052506,0.6585014409221902,0.4949696958065033
0.545346062052506,0.6594516594516594,0.49501994252204895
0.545346062052506,0.6613603473227206,0.4951825439929962
0.5441527446300716,0.6608695652173913,0.4952327609062195
0.5429594272076372,0.660377358490566,0.4953063726425171
0.5417661097852029,0.6598837209302325,0.4954673945903778
0.5405727923627685,0.6593886462882096,0.49558842182159424
0.5393794749403341,0.6588921282798834,0.4956672489643097
0.5393794749403341,0.6598540145985401,0.4958093762397766
0.5381861575178998,0.6593567251461988,0.4958556294441223
0.5381861575178998,0.6603221083455344,0.49586185812950134
0.5369928400954654,0.6598240469208211,0.49593767523765564
0.535799522673031,0.6593245227606461,0.49598756432533264
0.5346062052505967,0.6588235294117647,0.4960550367832184
0.5346062052505967,0.6597938144329897,0.49665576219558716
0.5346062052505967,0.6607669616519174,0.49667826294898987
0.5334128878281623,0.6602658788774003,0.4966897964477539
0.5334128878281623,0.6612426035502958,0.49671533703804016
0.5334128878281623,0.6622222222222223,0.496774286031723
0.5322195704057279,0.6617210682492581,0.4975009262561798
0.5322195704057279,0.6636904761904762,0.4975492060184479
0.5310262529832935,0.6631892697466468,0.4976293742656708
0.5298329355608592,0.6626865671641791,0.4976397752761841
0.5298329355608592,0.6656671664167916,0.4976612627506256
0.5286396181384249,0.6651651651651652,0.4978000521659851
0.5286396181384249,0.6661654135338346,0.4980659484863281
0.5286396181384249,0.6671686746987951,0.4982152283191681
0.5274463007159904,0.6666666666666666,0.49825528264045715
0.5274463007159904,0.6676737160120846,0.4982965886592865
0.5262529832935561,0.6671709531013615,0.4983190894126892
0.5250596658711217,0.6666666666666666,0.4985922873020172
0.5238663484486874,0.6661608497723824,0.4986473023891449
0.522673031026253,0.6656534954407295,0.49875155091285706
0.5214797136038186,0.665144596651446,0.49878546595573425
0.5214797136038186,0.6661585365853658,0.4988163113594055
0.5214797136038186,0.669218989280245,0.49886733293533325
0.5214797136038186,0.6702453987730062,0.4988766014575958
0.5214797136038186,0.6712749615975423,0.49892115592956543
0.5202863961813843,0.6707692307692308,0.49905234575271606
0.5190930787589498,0.6702619414483821,0.49908211827278137
0.5178997613365155,0.6697530864197531,0.4990888833999634
0.5167064439140812,0.6692426584234931,0.49926692247390747
0.5155131264916468,0.6687306501547987,0.4992966949939728
0.5155131264916468,0.6697674418604651,0.49930253624916077
0.5143198090692124,0.6692546583850931,0.4994478225708008
0.513126491646778,0.6687402799377916,0.5000535249710083
0.5119331742243437,0.6682242990654206,0.500294029712677
0.5095465393794749,0.6671875,0.500436544418335
0.5095465393794749,0.6682316118935837,0.5007221102714539
0.5083532219570406,0.6677115987460815,0.5010945200920105
0.5071599045346062,0.6671899529042387,0.5012308359146118
0.5071599045346062,0.6682389937106918,0.5012562870979309
0.5059665871121718,0.6677165354330709,0.501304566860199
0.5047732696897375,0.667192429022082,0.501360297203064
0.5035799522673031,0.6666666666666666,0.5013818740844727
0.5023866348448688,0.6661392405063291,0.5013939142227173
0.5023866348448688,0.6671949286846276,0.501510739326477
0.5023866348448688,0.6682539682539682,0.5016928911209106
0.5011933174224343,0.6677265500794912,0.5016944408416748
0.5011933174224343,0.6698564593301436,0.5017901062965393
0.5,0.6693290734824281,0.5019488334655762
0.4988066825775656,0.6688,0.5022403597831726
0.4988066825775656,0.6709470304975923,0.5022873878479004
0.49761336515513127,0.6704180064308681,0.50232994556427
0.4964200477326969,0.6698872785829307,0.5025066137313843
0.49522673031026254,0.6693548387096774,0.5027573108673096
0.49522673031026254,0.6704361873990307,0.502800464630127
0.49403341288782815,0.6699029126213593,0.502846360206604
0.4928400954653938,0.6693679092382496,0.5028500556945801
0.4928400954653938,0.6704545454545454,0.502871572971344
0.4916467780429594,0.6699186991869919,0.502906858921051
0.4916467780429594,0.67430441898527,0.5032962560653687
0.4904534606205251,0.6737704918032786,0.5033665299415588
0.4892601431980907,0.6732348111658456,0.5034466981887817
0.4880668257756563,0.6726973684210527,0.5037178993225098
0.4880668257756563,0.6738056013179572,0.5037683844566345
0.48687350835322196,0.6732673267326733,0.5038202404975891
0.48687350835322196,0.6743801652892562,0.5038561820983887
0.48687350835322196,0.6754966887417219,0.503970205783844
0.48568019093078757,0.6749585406301825,0.5042290687561035
0.48448687350835323,0.6744186046511628,0.5042331218719482
0.48329355608591884,0.6738768718801996,0.5044021010398865
0.48329355608591884,0.675,0.5044035911560059
0.4821002386634845,0.674457429048414,0.5046704411506653
0.4809069212410501,0.6739130434782609,0.5046972036361694
0.4797136038186158,0.6733668341708543,0.5047668814659119
0.4785202863961814,0.6728187919463087,0.5047926306724548
0.477326968973747,0.6722689075630253,0.5049857497215271
0.47613365155131265,0.6717171717171717,0.5050154328346252
0.47494033412887826,0.6711635750421585,0.5051213502883911
0.47494033412887826,0.6722972972972973,0.5051323175430298
0.4737470167064439,0.6717428087986463,0.5051339268684387
0.47255369928400953,0.6711864406779661,0.5056565999984741
0.47255369928400953,0.6723259762308998,0.5062312483787537
0.4713603818615752,0.6717687074829932,0.5062645077705383
0.4701670644391408,0.6712095400340715,0.5062955617904663
0.46897374701670647,0.6706484641638225,0.5062979459762573
0.46897374701670647,0.6717948717948717,0.5063149333000183
0.46897374701670647,0.6740994854202401,0.5063822269439697
0.4677804295942721,0.6735395189003437,0.5067356824874878
0.4677804295942721,0.6746987951807228,0.5068154335021973
0.4665871121718377,0.6741379310344827,0.5069320201873779
0.46539379474940334,0.6735751295336787,0.5069436430931091
0.46420047732696895,0.6730103806228374,0.5070425271987915
0.46420047732696895,0.6765217391304348,0.5072399377822876
0.46420047732696895,0.6777003484320557,0.5077099800109863
0.46420047732696895,0.681260945709282,0.5077857971191406
0.4630071599045346,0.6807017543859649,0.5079870820045471
0.4618138424821002,0.680140597539543,0.5082248449325562
0.4606205250596659,0.6795774647887324,0.5082522034645081
0.4594272076372315,0.6790123456790124,0.5084707736968994
0.45823389021479716,0.6784452296819788,0.508592426776886
0.45823389021479716,0.679646017699115,0.5086119771003723
0.45704057279236276,0.6790780141843972,0.5086941719055176
0.45584725536992843,0.6785079928952042,0.5087817907333374
0.45465393794749404,0.6779359430604982,0.5087885856628418
0.45346062052505964,0.6773618538324421,0.5089874863624573
0.4522673031026253,0.6767857142857143,0.5090295672416687
0.4510739856801909,0.6762075134168157,0.5090351700782776
0.4510739856801909,0.6786355475763016,0.509181022644043
0.4498806682577566,0.6780575539568345,0.5091956257820129
0.4486873508353222,0.6774774774774774,0.5094264149665833
0.44749403341288785,0.6768953068592057,0.5097675919532776
0.44630071599045346,0.6763110307414105,0.5102398991584778
0.4451073985680191,0.6757246376811594,0.5103618502616882
0.4439140811455847,0.6751361161524501,0.5103774666786194
0.44272076372315033,0.6745454545454546,0.5105526447296143
0.441527446300716,0.6739526411657559,0.5108473300933838
0.441527446300716,0.6751824817518248,0.5108929872512817
0.4403341288782816,0.6745886654478976,0.5109050869941711
0.4403341288782816,0.6758241758241759,0.5109051465988159
0.4403341288782816,0.6770642201834862,0.5111282467842102
0.43914081145584727,0.6764705882352942,0.5115614533424377
0.43914081145584727,0.6777163904235728,0.5115668773651123
0.4379474940334129,0.6771217712177122,0.5120309591293335
0.4379474940334129,0.6796296296296296,0.5122858881950378
0.43675417661097854,0.6790352504638218,0.5123761892318726
0.43556085918854415,0.6784386617100372,0.5123786330223083
0.43556085918854415,0.6797020484171322,0.5125243663787842
0.4343675417661098,0.6791044776119403,0.512584388256073
0.4331742243436754,0.6785046728971963,0.5126177668571472
0.431980906921241,0.6779026217228464,0.5126215815544128
0.431980906921241,0.6804511278195489,0.512637734413147
0.431980906921241,0.6817325800376648,0.5131879448890686
0.4307875894988067,0.6811320754716981,0.5132617354393005
0.4295942720763723,0.6805293005671077,0.5132866501808167
0.42840095465393796,0.6799242424242424,0.5133054256439209
0.42720763723150357,0.6793168880455408,0.5133196115493774
0.42720763723150357,0.6806083650190115,0.513500452041626
0.42601431980906923,0.68,0.5138595104217529
0.42482100238663484,0.6793893129770993,0.5139908790588379
0.4224343675417661,0.6781609195402298,0.5142998099327087
0.4224343675417661,0.6794625719769674,0.5145332217216492
0.4212410501193317,0.6788461538461539,0.5145944356918335
0.4200477326968974,0.6782273603082851,0.5146512985229492
0.418854415274463,0.6776061776061776,0.5146768093109131
0.41766109785202865,0.6769825918762089,0.5150100588798523
0.41646778042959426,0.6763565891472868,0.5151083469390869
0.4152744630071599,0.6757281553398058,0.5151171684265137
0.41408114558472553,0.6750972762645915,0.5152645707130432
0.4128878281622912,0.6744639376218323,0.5154215097427368
0.4116945107398568,0.673828125,0.5158117413520813
0.4105011933174224,0.6731898238747553,0.5159547924995422
0.40930787589498807,0.6725490196078432,0.5160062313079834
0.4081145584725537,0.6719056974459725,0.5160195827484131
0.40692124105011934,0.6712598425196851,0.5160370469093323
0.40692124105011934,0.6739130434782609,0.5162699222564697
0.40572792362768495,0.6732673267326733,0.516289234161377
0.4045346062052506,0.6726190476190477,0.5163202881813049
0.4033412887828162,0.6719681908548708,0.5165191888809204
0.4021479713603819,0.6713147410358565,0.5165681838989258
0.4009546539379475,0.6706586826347305,0.5168401598930359
0.3997613365155131,0.67,0.5169650316238403
0.39856801909307876,0.6693386773547094,0.5170179605484009
0.39737470167064437,0.6686746987951807,0.5170184373855591
0.39618138424821003,0.6680080482897385,0.5175387859344482
0.39498806682577564,0.6673387096774194,0.5178196430206299
0.3937947494033413,0.6666666666666666,0.5179110169410706
0.3926014319809069,0.6659919028340081,0.5183231234550476
0.3926014319809069,0.6673427991886409,0.5187059044837952
0.3914081145584726,0.6666666666666666,0.5187807083129883
0.3902147971360382,0.6659877800407332,0.518905758857727
0.38902147971360385,0.6653061224489796,0.5192323923110962
0.38782816229116945,0.6646216768916156,0.5192829966545105
0.38782816229116945,0.6659836065573771,0.5194306969642639
0.38663484486873506,0.6652977412731006,0.5197510123252869
0.38663484486873506,0.6666666666666666,0.519780695438385
0.3854415274463007,0.6659793814432989,0.5201222896575928
0.38424821002386633,0.6652892561983471,0.5201284289360046
0.38424821002386633,0.6666666666666666,0.5201825499534607
0.38424821002386633,0.6680497925311203,0.5202184319496155
0.383054892601432,0.6673596673596673,0.5202676057815552
0.383054892601432,0.66875,0.5202829837799072
0.383054892601432,0.6701461377870563,0.520352303981781
0.3818615751789976,0.6694560669456067,0.5204744338989258
0.38066825775656327,0.6687631027253669,0.520571231842041
0.38066825775656327,0.6701680672268907,0.5209130644798279
0.3794749403341289,0.6694736842105263,0.5209670662879944
0.37828162291169454,0.6687763713080169,0.5210394263267517
0.37708830548926014,0.6680761099365751,0.5210868716239929
0.37589498806682575,0.6673728813559322,0.5213062763214111
0.3747016706443914,0.6666666666666666,0.5213215351104736
0.3747016706443914,0.6680851063829787,0.5215039253234863
0.373508353221957,0.6673773987206824,0.521652102470398
0.373508353221957,0.6688034188034188,0.5217283964157104
0.3723150357995227,0.6680942184154176,0.5217700004577637
0.3711217183770883,0.6673819742489271,0.5218616127967834
0.36992840095465396,0.6666666666666666,0.5221454501152039
0.36992840095465396,0.6695464362850972,0.522213339805603
0.36873508353221957,0.6688311688311688,0.5223312973976135
0.36873508353221957,0.6702819956616052,0.5224698781967163
0.36754176610978523,0.6695652173913044,0.5225973129272461
0.36634844868735084,0.6688453159041394,0.5226237773895264
0.36634844868735084,0.6717724288840262,0.5227346420288086
0.36515513126491644,0.6710526315789473,0.5227917432785034
0.3639618138424821,0.6703296703296703,0.5228829979896545
0.3627684964200477,0.6696035242290749,0.5229343771934509
0.3615751789976134,0.6688741721854304,0.5229355096817017
0.360381861575179,0.668141592920354,0.523024320602417
0.35918854415274465,0.6674057649667405,0.5231497287750244
0.35799522673031026,0.6666666666666666,0.5232006311416626
0.3568019093078759,0.6659242761692651,0.5232734084129333
0.3568019093078759,0.6674107142857143,0.5233162641525269
0.3556085918854415,0.6666666666666666,0.5234273076057434
0.35441527446300713,0.6659192825112108,0.5235140323638916
0.3532219570405728,0.6651685393258427,0.5236136317253113
0.3532219570405728,0.6681715575620768,0.5237124562263489
0.35083532219570407,0.6666666666666666,0.5241000652313232
0.3496420047732697,0.6659090909090909,0.5243790745735168
0.3496420047732697,0.6674259681093394,0.524404764175415
0.34844868735083534,0.6666666666666666,0.5244094729423523
0.34844868735083534,0.6681922196796338,0.5244382619857788
0.34844868735083534,0.671264367816092,0.5246749520301819
0.34725536992840095,0.6705069124423964,0.5249073505401611
0.3460620525059666,0.6697459584295612,0.5249450206756592
0.3448687350835322,0.6689814814814815,0.5249519944190979
0.3436754176610978,0.6682134570765661,0.5250471234321594
0.3436754176610978,0.6697674418604651,0.5253486633300781
0.3424821002386635,0.668997668997669,0.5253811478614807
0.3424821002386635,0.6705607476635514,0.5254585146903992
0.3412887828162291,0.6697892271662763,0.5256811380386353
0.3412887828162291,0.6713615023474179,0.5257329940795898
0.34009546539379476,0.6705882352941176,0.5260734558105469
0.34009546539379476,0.6721698113207547,0.5261109471321106
0.34009546539379476,0.6737588652482269,0.52614426612854
0.33890214797136037,0.6729857819905213,0.526315450668335
0.33890214797136037,0.6745843230403801,0.5263795256614685
0.33890214797136037,0.6778042959427207,0.5266154408454895
0.33770883054892603,0.6770334928229665,0.5267066359519958
0.33770883054892603,0.6786570743405276,0.5267329216003418
0.33651551312649164,0.6778846153846154,0.5267624258995056
0.33651551312649164,0.6795180722891566,0.5268346667289734
0.33651551312649164,0.6811594202898551,0.5269349217414856
0.3353221957040573,0.6803874092009685,0.5269514918327332
0.3341288782816229,0.6796116504854369,0.5272623300552368
0.3341288782816229,0.681265206812652,0.5272815227508545
0.3341288782816229,0.6862745098039216,0.5273110866546631
0.3329355608591885,0.6855036855036855,0.5273237824440002
0.3317422434367542,0.6847290640394089,0.5273457765579224
0.3305489260143198,0.6839506172839506,0.5278354287147522
0.3305489260143198,0.6856435643564357,0.5278753638267517
0.3305489260143198,0.6873449131513648,0.5279504656791687
0.32935560859188545,0.6865671641791045,0.5284451842308044
0.32816229116945106,0.685785536159601,0.5285124182701111
0.32816229116945106,0.6892230576441103,0.5285307168960571
0.32816229116945106,0.6909547738693468,0.5286115407943726
0.32816229116945106,0.6926952141057935,0.5286446213722229
0.3269689737470167,0.6919191919191919,0.5286620259284973
0.32577565632458233,0.6911392405063291,0.5289825201034546
0.324582338902148,0.6903553299492385,0.5291963219642639
0.324582338902148,0.6921119592875318,0.5292797684669495
0.324582338902148,0.6956521739130435,0.529628336429596
0.3233890214797136,0.6948717948717948,0.5296404361724854
0.3221957040572792,0.6940874035989717,0.5298206806182861
0.32100238663484487,0.6932989690721649,0.5298235416412354
0.32100238663484487,0.6968911917098446,0.5299988985061646
0.32100238663484487,0.6987012987012987,0.5301702618598938
0.32100238663484487,0.7005208333333334,0.5302092432975769
0.32100238663484487,0.7023498694516971,0.530239999294281
0.32100238663484487,0.7060367454068242,0.530402421951294
0.3198090692124105,0.7052631578947368,0.5304315686225891
0.31861575178997614,0.7044854881266491,0.5305878520011902
0.31861575178997614,0.7082228116710876,0.5307960510253906
0.31742243436754175,0.7074468085106383,0.5308045744895935
0.3162291169451074,0.7066666666666667,0.5309319496154785
0.315035799522673,0.7058823529411765,0.5310373902320862
0.3138424821002387,0.7050938337801609,0.5310670733451843
0.3138424821002387,0.7088948787061995,0.531072735786438
0.3126491646778043,0.7081081081081081,0.5311452150344849
0.31145584725536996,0.7073170731707317,0.5311611294746399
0.31145584725536996,0.7092391304347826,0.531468391418457
0.31026252983293556,0.7084468664850136,0.5315373539924622
0.31026252983293556,0.7103825136612022,0.5315433144569397
0.31026252983293556,0.7123287671232876,0.5317326784133911
0.30906921241050117,0.7115384615384616,0.531751275062561
0.30787589498806683,0.7107438016528925,0.5318434834480286
0.30787589498806683,0.712707182320442,0.5318435430526733
0.30787589498806683,0.7146814404432132,0.5320967435836792
0.30668257756563244,0.7138888888888889,0.5322636961936951
0.3054892601431981,0.713091922005571,0.5323535799980164
0.3042959427207637,0.7122905027932961,0.5325191020965576
0.3042959427207637,0.7142857142857143,0.5325381755828857
0.3031026252983294,0.7134831460674157,0.5325545072555542
0.3031026252983294,0.7154929577464789,0.5327479243278503
0.3031026252983294,0.7175141242937854,0.5328503251075745
0.301909307875895,0.71671388101983,0.5329035520553589
0.301909307875895,0.71875,0.5329106450080872
0.30071599045346065,0.717948717948718,0.5329204797744751
0.30071599045346065,0.7220630372492837,0.5329509377479553
0.29952267303102625,0.7212643678160919,0.5330064296722412
0.29832935560859186,0.7204610951008645,0.5330148339271545
0.29594272076372313,0.7188405797101449,0.5331165194511414
0.29594272076372313,0.7209302325581395,0.5335134267807007
0.2947494033412888,0.7201166180758017,0.5335214734077454
0.2947494033412888,0.7243401759530792,0.5336545705795288
0.2947494033412888,0.7264705882352941,0.533747673034668
0.2947494033412888,0.7286135693215339,0.533799946308136
0.2947494033412888,0.7307692307692307,0.5341752767562866
0.2935560859188544,0.7299703264094956,0.534203290939331
0.29236276849642007,0.7291666666666666,0.5344388484954834
0.29236276849642007,0.7379518072289156,0.5345038771629333
0.2911694510739857,0.7371601208459214,0.5345113277435303
0.28997613365155134,0.7363636363636363,0.534572422504425
0.28997613365155134,0.7386018237082067,0.5346149802207947
0.28878281622911695,0.7378048780487805,0.5346679091453552
0.28758949880668255,0.7370030581039755,0.5348474383354187
0.2863961813842482,0.7361963190184049,0.5348668098449707
0.2863961813842482,0.7407407407407407,0.5349026918411255
0.2852028639618138,0.739938080495356,0.5350158214569092
0.2852028639618138,0.7422360248447205,0.5350455045700073
0.2852028639618138,0.7445482866043613,0.535189151763916
0.2852028639618138,0.746875,0.5354301929473877
0.2840095465393795,0.7460815047021944,0.5354422926902771
0.2828162291169451,0.7452830188679245,0.5354847311973572
0.28162291169451076,0.7444794952681388,0.5355267524719238
0.28162291169451076,0.7492063492063492,0.5357038974761963
0.28042959427207637,0.7484076433121019,0.5358644723892212
0.28042959427207637,0.7507987220447284,0.5358757376670837
0.27923627684964203,0.75,0.5358853936195374
0.27804295942720764,0.7491961414790996,0.5359766483306885
0.27804295942720764,0.7540453074433657,0.5359861850738525
0.27684964200477324,0.7532467532467533,0.5361168384552002
0.27684964200477324,0.755700325732899,0.5363454222679138
0.27684964200477324,0.760655737704918,0.5371971726417542
0.2756563245823389,0.7598684210526315,0.5372474789619446
0.2744630071599045,0.759075907590759,0.5374326109886169
0.2744630071599045,0.7615894039735099,0.5374771356582642
0.2732696897374702,0.760797342192691,0.5375182032585144
0.2732696897374702,0.7658862876254181,0.5376649498939514
0.2720763723150358,0.7651006711409396,0.5377079844474792
0.27088305489260145,0.7643097643097643,0.5378018617630005
0.26968973747016706,0.7635135135135135,0.5378938913345337
0.26968973747016706,0.7661016949152543,0.5384417176246643
0.2684964200477327,0.7653061224489796,0.5384634137153625
0.26730310262529833,0.764505119453925,0.5385178923606873
0.26610978520286394,0.7636986301369864,0.5385767817497253
0.2649164677804296,0.7628865979381443,0.538642942905426
0.2637231503579952,0.7620689655172413,0.5387254953384399
0.26252983293556087,0.7612456747404844,0.538845956325531
0.2613365155131265,0.7604166666666666,0.5391615629196167
0.26014319809069214,0.759581881533101,0.5391907691955566
0.25894988066825775,0.7587412587412588,0.5393809676170349
0.25894988066825775,0.7614035087719299,0.5395142436027527
0.25894988066825775,0.7640845070422535,0.5395463109016418
0.2577565632458234,0.7632508833922261,0.5396908521652222
0.256563245823389,0.7624113475177305,0.5400122404098511
0.2553699284009546,0.7615658362989324,0.5401549339294434
0.2553699284009546,0.7642857142857142,0.5401716828346252
0.2553699284009546,0.7670250896057348,0.54032963514328
0.2541766109785203,0.7661870503597122,0.54076087474823
0.2529832935560859,0.7653429602888087,0.5408676862716675
0.25178997613365156,0.7644927536231884,0.5409322381019592
0.25059665871121717,0.7636363636363637,0.5410029292106628
0.25059665871121717,0.7692307692307693,0.5410658717155457
0.2494033412887828,0.7683823529411765,0.5411158800125122
0.2494033412887828,0.7712177121771218,0.5412969589233398
0.24821002386634844,0.7703703703703704,0.5413384437561035
0.2458233890214797,0.7686567164179104,0.5415447950363159
0.24463007159904535,0.7677902621722846,0.5417454242706299
0.24343675417661098,0.7669172932330827,0.541760265827179
0.24343675417661098,0.7727272727272727,0.5419150590896606
0.24224343675417662,0.7718631178707225,0.5423557162284851
0.24224343675417662,0.7748091603053435,0.5426157712936401
0.24105011933174225,0.7739463601532567,0.5426604747772217
0.2398568019093079,0.7730769230769231,0.5426945686340332
0.2386634844868735,0.7722007722007722,0.5430256128311157
0.23747016706443913,0.7713178294573644,0.5433358550071716
0.23627684964200477,0.7704280155642024,0.5441386699676514
0.2350835322195704,0.76953125,0.5442833304405212
0.23389021479713604,0.7686274509803922,0.5443939566612244
0.23269689737470167,0.7677165354330708,0.5444180369377136
0.2315035799522673,0.766798418972332,0.5451379418373108
0.23031026252983294,0.7658730158730159,0.5458366870880127
0.22911694510739858,0.7649402390438247,0.5458806157112122
0.22911694510739858,0.768,0.5463745594024658
0.22911694510739858,0.7710843373493976,0.5468542575836182
0.22911694510739858,0.7741935483870968,0.547591507434845
0.22792362768496421,0.7732793522267206,0.547607958316803
0.22673031026252982,0.7723577235772358,0.5479524731636047
0.22673031026252982,0.7786885245901639,0.5480676293373108
0.22553699284009546,0.7777777777777778,0.5484334826469421
0.2243436754176611,0.7768595041322314,0.5484627485275269
0.2243436754176611,0.7800829875518672,0.5485737919807434
0.2243436754176611,0.7833333333333333,0.5487640500068665
0.2243436754176611,0.7866108786610879,0.5490466952323914
0.22195704057279236,0.7848101265822784,0.549105167388916
0.22195704057279236,0.788135593220339,0.5494713187217712
0.22195704057279236,0.7914893617021277,0.5495659708976746
0.22195704057279236,0.7948717948717948,0.550224244594574
0.220763723150358,0.7939914163090128,0.5503865480422974
0.21957040572792363,0.7931034482758621,0.5506386160850525
0.21837708830548927,0.7922077922077922,0.5506882071495056
0.21837708830548927,0.7956521739130434,0.5508149862289429
0.2171837708830549,0.7947598253275109,0.5508910417556763
0.2171837708830549,0.7982456140350878,0.5509471297264099
0.2159904534606205,0.7973568281938326,0.5511009097099304
0.2159904534606205,0.8008849557522124,0.5511364936828613
0.21479713603818615,0.8,0.551363468170166
0.21360381861575178,0.7991071428571429,0.5516401529312134
0.21241050119331742,0.7982062780269058,0.5516619086265564
0.21121718377088305,0.7972972972972973,0.5519063472747803
0.2100238663484487,0.7963800904977375,0.5524255633354187
0.2100238663484487,0.8,0.5527182817459106
0.2100238663484487,0.8073394495412844,0.5530819892883301
0.20883054892601433,0.8064516129032258,0.5539981126785278
0.20763723150357996,0.8055555555555556,0.5540849566459656
0.20763723150357996,0.8130841121495327,0.5554270148277283
0.2064439140811456,0.812206572769953,0.5555223226547241
0.2052505966587112,0.8113207547169812,0.5557006597518921
0.2052505966587112,0.8151658767772512,0.5557523965835571
0.20405727923627684,0.8142857142857143,0.5561083555221558
0.20286396181384247,0.8133971291866029,0.5567066073417664
0.2016706443914081,0.8125,0.5572302341461182
0.2016706443914081,0.8164251207729468,0.5580385327339172
0.20047732696897375,0.8155339805825242,0.5582230687141418
0.19928400954653938,0.8146341463414634,0.5584452152252197
0.19928400954653938,0.8186274509803921,0.5587438941001892
0.19809069212410502,0.8177339901477833,0.5590736269950867
0.19689737470167065,0.8168316831683168,0.5595993995666504
0.1957040572792363,0.8159203980099502,0.5600898861885071
0.19451073985680192,0.815,0.5605805516242981
0.19331742243436753,0.8140703517587939,0.5615355372428894
0.19212410501193317,0.8131313131313131,0.5619239211082458
0.1909307875894988,0.8121827411167513,0.5621620416641235
0.18973747016706444,0.8112244897959183,0.5622090101242065
0.18854415274463007,0.8102564102564103,0.5622475743293762
0.1873508353221957,0.8092783505154639,0.5629979372024536
0.18615751789976134,0.8082901554404145,0.5640844106674194
0.18496420047732698,0.8072916666666666,0.5642656683921814
0.18377088305489261,0.806282722513089,0.5642673969268799
0.18257756563245822,0.8052631578947368,0.5647090077400208
0.18138424821002386,0.8042328042328042,0.565107524394989
0.1801909307875895,0.8031914893617021,0.5654518604278564
0.17899761336515513,0.8021390374331551,0.5657241940498352
0.17780429594272076,0.8010752688172043,0.5669500231742859
0.1766109785202864,0.8,0.567885160446167
0.17541766109785203,0.7989130434782609,0.5679084062576294
0.17422434367541767,0.7978142076502732,0.5681923627853394
0.1730310262529833,0.7967032967032966,0.569077730178833
0.1718377088305489,0.7955801104972375,0.5705069899559021
0.17064439140811455,0.7944444444444444,0.5705479383468628
0.17064439140811455,0.7988826815642458,0.5710716247558594
0.16945107398568018,0.797752808988764,0.5711620450019836
0.16825775656324582,0.7966101694915254,0.5717064738273621
0.1658711217183771,0.7942857142857143,0.5725505948066711
0.16467780429594273,0.7931034482758621,0.5727822780609131
0.16348448687350836,0.791907514450867,0.5730484127998352
0.16348448687350836,0.7965116279069767,0.5738174319267273
0.16348448687350836,0.8011695906432749,0.5739091634750366
0.16348448687350836,0.8058823529411765,0.5746129751205444
0.162291169451074,0.8047337278106509,0.5747570991516113
0.1610978520286396,0.8035714285714286,0.576308012008667
0.15990453460620524,0.8023952095808383,0.5764449238777161
0.15990453460620524,0.8072289156626506,0.5771030783653259
0.15871121718377088,0.806060606060606,0.5771416425704956
0.1575178997613365,0.8048780487804879,0.5773712992668152
0.1575178997613365,0.8098159509202454,0.5806073546409607
0.15632458233890215,0.808641975308642,0.581342875957489
0.15632458233890215,0.81875,0.5821166038513184
0.15513126491646778,0.8176100628930818,0.5825446248054504
0.15393794749403342,0.8164556962025317,0.5825693011283875
0.15274463007159905,0.8152866242038217,0.5826833844184875
0.15274463007159905,0.8205128205128205,0.5828760266304016
0.1515513126491647,0.8193548387096774,0.5830716490745544
0.15035799522673032,0.8181818181818182,0.5833292603492737
0.14916467780429593,0.8169934640522876,0.5836160182952881
0.14916467780429593,0.8223684210526315,0.5839598774909973
0.14916467780429593,0.8278145695364238,0.5843393206596375
0.14797136038186157,0.8266666666666667,0.5847049355506897
0.1467780429594272,0.825503355704698,0.5857721567153931
0.14558472553699284,0.8243243243243243,0.5863439440727234
0.14439140811455847,0.8231292517006803,0.5869415402412415
0.1431980906921241,0.821917808219178,0.5874826312065125
0.14200477326968974,0.8206896551724138,0.5878257155418396
0.14081145584725538,0.8194444444444444,0.5885674953460693
0.13961813842482101,0.8181818181818182,0.5890454649925232
0.13842482100238662,0.8169014084507042,0.5898963212966919
0.13723150357995226,0.8156028368794326,0.5903071761131287
0.1360381861575179,0.8142857142857143,0.5905937552452087
0.13484486873508353,0.8129496402877698,0.5916065573692322
0.13365155131264916,0.8115942028985508,0.5924833416938782
0.13365155131264916,0.8175182481751825,0.5924900770187378
0.1324582338902148,0.8161764705882353,0.5935232043266296
0.1324582338902148,0.8222222222222222,0.5939873456954956
0.13126491646778043,0.8208955223880597,0.5970282554626465
0.13007159904534607,0.8195488721804511,0.597160279750824
0.13007159904534607,0.8257575757575758,0.5975972414016724
0.13007159904534607,0.8320610687022901,0.5976038575172424
0.13007159904534607,0.8384615384615385,0.5979225039482117
0.1288782816229117,0.8372093023255814,0.6003854870796204
0.1288782816229117,0.8503937007874016,0.6012543439865112
0.1276849642004773,0.8492063492063492,0.601665735244751
0.12649164677804295,0.848,0.6017940044403076
0.12529832935560858,0.8467741935483871,0.6020780801773071
0.12529832935560858,0.8536585365853658,0.6027250289916992
0.12410501193317422,0.8524590163934426,0.603478729724884
0.12291169451073986,0.8512396694214877,0.6040997505187988
0.12291169451073986,0.8583333333333333,0.6047422885894775
0.12171837708830549,0.8571428571428571,0.6052916646003723
0.12052505966587113,0.8559322033898306,0.6067303419113159
0.11933174224343675,0.8547008547008547,0.6086317896842957
0.11933174224343675,0.8620689655172413,0.6091122031211853
0.11813842482100238,0.8608695652173913,0.6097245812416077
0.11694510739856802,0.8596491228070176,0.6109387874603271
0.11575178997613365,0.8584070796460177,0.6117157340049744
0.11455847255369929,0.8571428571428571,0.6142229437828064
0.11455847255369929,0.8648648648648649,0.6142910718917847
0.11336515513126491,0.8636363636363636,0.616502583026886
0.11217183770883055,0.8623853211009175,0.6175203919410706
0.11217183770883055,0.8703703703703703,0.619947612285614
0.11097852028639618,0.8691588785046729,0.6229302883148193
0.10978520286396182,0.8679245283018868,0.6245599985122681
0.10859188544152745,0.8666666666666667,0.6253388524055481
0.10739856801909307,0.8653846153846154,0.6254030466079712
0.10620525059665871,0.8640776699029126,0.6257098913192749
0.10501193317422435,0.8627450980392157,0.6272757649421692
0.10501193317422435,0.8712871287128713,0.6274092793464661
0.10381861575178998,0.87,0.6274255514144897
0.1026252983293556,0.8686868686868687,0.6278299689292908
0.1026252983293556,0.8775510204081632,0.6282573938369751
0.10143198090692124,0.8762886597938144,0.6293966174125671
0.10023866348448687,0.875,0.63323575258255
0.09904534606205251,0.8736842105263158,0.6348118782043457
0.09785202863961814,0.8723404255319149,0.6376400589942932
0.09665871121718377,0.8709677419354839,0.6393712759017944
0.0954653937947494,0.8695652173913043,0.6399950981140137
0.09427207637231504,0.8681318681318682,0.6401750445365906
0.09307875894988067,0.8666666666666667,0.640251100063324
0.09188544152744631,0.8651685393258427,0.6409740447998047
0.09069212410501193,0.8636363636363636,0.6418874859809875
0.08949880668257756,0.8620689655172413,0.642178475856781
0.0883054892601432,0.8604651162790697,0.6422550678253174
0.0883054892601432,0.8705882352941177,0.6434757113456726
0.08711217183770883,0.8690476190476191,0.6435665488243103
0.08591885441527446,0.8674698795180723,0.6436902284622192
0.08472553699284009,0.8658536585365854,0.6438093185424805
0.08472553699284009,0.8765432098765432,0.6442563533782959
0.08353221957040573,0.875,0.6444656252861023
0.08233890214797136,0.8734177215189873,0.6450896859169006
0.081145584725537,0.8717948717948718,0.645893931388855
0.07995226730310262,0.8701298701298701,0.6463197469711304
0.07875894988066826,0.868421052631579,0.6468512415885925
0.07875894988066826,0.88,0.6496831774711609
0.07637231503579953,0.8767123287671232,0.6508965492248535
0.07517899761336516,0.875,0.651146411895752
0.07398568019093078,0.8732394366197183,0.6515350937843323
0.07279236276849642,0.8714285714285714,0.6542598009109497
0.07159904534606205,0.8695652173913043,0.6553754806518555
0.07040572792362769,0.8676470588235294,0.6555481553077698
0.06921241050119331,0.8656716417910447,0.6558610200881958
0.06921241050119331,0.8787878787878788,0.6570400595664978
0.06801909307875895,0.8769230769230769,0.6571203470230103
0.06682577565632458,0.875,0.6582642793655396
0.06563245823389022,0.873015873015873,0.6584445834159851
0.06443914081145585,0.8709677419354839,0.6592133045196533
0.06324582338902147,0.8688524590163934,0.6595568656921387
0.06205250596658711,0.8666666666666667,0.6615474224090576
0.060859188544152745,0.864406779661017,0.6626642942428589
0.059665871121718374,0.8620689655172413,0.6647921800613403
0.05847255369928401,0.8596491228070176,0.6652600169181824
0.057279236276849645,0.8571428571428571,0.6653323173522949
0.05608591885441527,0.8545454545454545,0.6654595136642456
0.05489260143198091,0.8518518518518519,0.6666383743286133
0.05369928400954654,0.8490566037735849,0.6672078371047974
0.05369928400954654,0.8653846153846154,0.6675845980644226
0.05250596658711217,0.8627450980392157,0.6683116555213928
0.0513126491646778,0.86,0.6683170199394226
0.0513126491646778,0.8775510204081632,0.6705163717269897
0.050119331742243436,0.875,0.6705458760261536
0.0477326968973747,0.8695652173913043,0.6737070679664612
0.046539379474940336,0.8666666666666667,0.6739373207092285
0.045346062052505964,0.8636363636363636,0.6746850609779358
0.0441527446300716,0.8604651162790697,0.6755438446998596
0.04295942720763723,0.8571428571428571,0.675792396068573
0.041766109785202864,0.8536585365853658,0.6760464310646057
0.0405727923627685,0.85,0.6768848299980164
0.03937947494033413,0.8461538461538461,0.6771020293235779
0.03818615751789976,0.8421052631578947,0.6772693991661072
0.03699284009546539,0.8378378378378378,0.6773544549942017
0.03579952267303103,0.8333333333333334,0.6779324412345886
0.034606205250596656,0.8285714285714286,0.6788913607597351
0.03341288782816229,0.8235294117647058,0.6794999837875366
0.032219570405727926,0.8181818181818182,0.6803078055381775
0.031026252983293555,0.8125,0.6839004755020142
0.029832935560859187,0.8064516129032258,0.684899628162384
0.029832935560859187,0.8333333333333334,0.6849609017372131
0.029832935560859187,0.8620689655172413,0.684997022151947
0.029832935560859187,0.8928571428571429,0.6850361824035645
0.028639618138424822,0.8888888888888888,0.6850951910018921
0.027446300715990454,0.8846153846153846,0.6852542757987976
0.026252983293556086,0.88,0.6853093504905701
0.025059665871121718,0.875,0.6853509545326233
0.02386634844868735,0.8695652173913043,0.6854451894760132
0.022673031026252982,0.8636363636363636,0.6856768131256104
0.021479713603818614,0.8571428571428571,0.6858255863189697
0.02028639618138425,0.85,0.6859718561172485
0.01909307875894988,0.8421052631578947,0.6866172552108765
0.017899761336515514,0.8333333333333334,0.6867527961730957
0.016706443914081145,0.8235294117647058,0.6871601939201355
0.015513126491646777,0.8125,0.6874201893806458
0.014319809069212411,0.8,0.6876056790351868
0.013126491646778043,0.7857142857142857,0.6881086230278015
0.011933174224343675,0.7692307692307693,0.6882723569869995
0.010739856801909307,0.75,0.6885982155799866
0.00954653937947494,0.7272727272727273,0.6890798807144165
0.008353221957040573,0.7,0.6891382336616516
0.007159904534606206,0.6666666666666666,0.6891981959342957
0.0059665871121718375,0.625,0.6895368099212646
0.00477326968973747,0.5714285714285714,0.6897534728050232
0.003579952267303103,0.5,0.6904122829437256
0.002386634844868735,0.4,0.6904414296150208
0.0011933174224343676,0.25,0.6973809003829956
0.0,0.0,0.702923595905304
0.0,1.0,
